nan,Motorola-Nexus-6
nan,Motorola-Nexus-6
nan,Samsung-Galaxy-Note3
nan,Samsung-Galaxy-Note3
nan,Motorola-Nexus-6
nan,iPhone-4s
nan,Samsung-Galaxy-Note3
nan,LG-Nexus-5x
nan,Samsung-Galaxy-Note3
nan,Motorola-Droid-Maxx
nan,Sony-NEX-7
nan,Motorola-Nexus-6
nan,Motorola-Droid-Maxx
nan,iPhone-4s
nan,LG-Nexus-5x
nan,Samsung-Galaxy-Note3
nan,iPhone-6
nan,Sony-NEX-7
nan,LG-Nexus-5x
nan,Motorola-Droid-Maxx
nan,iPhone-6
nan,Samsung-Galaxy-Note3
nan,LG-Nexus-5x
nan,Motorola-Nexus-6
nan,Motorola-Droid-Maxx
nan,Motorola-Droid-Maxx
nan,Motorola-Nexus-6
nan,Motorola-Droid-Maxx
nan,LG-Nexus-5x
nan,Samsung-Galaxy-Note3
nan,LG-Nexus-5x
nan,Samsung-Galaxy-S4
nan,Motorola-Droid-Maxx
nan,iPhone-4s
nan,Motorola-Nexus-6
nan,LG-Nexus-5x
nan,iPhone-4s
nan,LG-Nexus-5x
nan,Sony-NEX-7
nan,Sony-NEX-7
nan,HTC-1-M7
nan,iPhone-4s
nan,Motorola-Nexus-6
nan,Samsung-Galaxy-Note3
nan,LG-Nexus-5x
nan,Sony-NEX-7
nan,Samsung-Galaxy-S4
nan,Sony-NEX-7
nan,Samsung-Galaxy-S4
nan,Motorola-Nexus-6
nan,Sony-NEX-7
nan,Sony-NEX-7
nan,Sony-NEX-7
nan,Motorola-Droid-Maxx
nan,Motorola-Nexus-6
nan,Samsung-Galaxy-Note3
nan,Motorola-Droid-Maxx
nan,Motorola-Droid-Maxx
nan,Samsung-Galaxy-Note3
nan,LG-Nexus-5x
nan,Motorola-Droid-Maxx
nan,Motorola-Nexus-6
nan,iPhone-6
nan,LG-Nexus-5x
nan,Motorola-Droid-Maxx
nan,Samsung-Galaxy-S4
nan,Motorola-X
nan,Motorola-Nexus-6
nan,Samsung-Galaxy-S4
nan,Motorola-Droid-Maxx
nan,Samsung-Galaxy-Note3
nan,Motorola-Droid-Maxx
nan,Sony-NEX-7
nan,Motorola-Nexus-6
nan,LG-Nexus-5x
nan,Sony-NEX-7
nan,Samsung-Galaxy-S4
nan,iPhone-6
nan,Samsung-Galaxy-S4
nan,Motorola-Nexus-6
nan,iPhone-6
nan,Motorola-Droid-Maxx
nan,Sony-NEX-7
nan,LG-Nexus-5x
nan,iPhone-4s
nan,Sony-NEX-7
nan,iPhone-4s
nan,Motorola-Droid-Maxx
nan,iPhone-4s
nan,iPhone-6
nan,Motorola-Droid-Maxx
nan,Motorola-Nexus-6
nan,Motorola-Nexus-6
nan,LG-Nexus-5x
nan,Motorola-Nexus-6
nan,HTC-1-M7
nan,Motorola-Droid-Maxx
nan,Motorola-X
nan,Samsung-Galaxy-Note3
nan,iPhone-4s
nan,Sony-NEX-7
nan,Motorola-Droid-Maxx
nan,Motorola-Droid-Maxx
nan,iPhone-4s
nan,Samsung-Galaxy-S4
nan,LG-Nexus-5x
nan,LG-Nexus-5x
nan,Sony-NEX-7
nan,Motorola-Nexus-6
nan,Motorola-Nexus-6
nan,Sony-NEX-7
nan,Sony-NEX-7
nan,iPhone-4s
nan,Motorola-Droid-Maxx
nan,Samsung-Galaxy-S4
nan,Sony-NEX-7
nan,Motorola-Nexus-6
nan,iPhone-4s
nan,Samsung-Galaxy-S4
nan,Sony-NEX-7
nan,Motorola-Nexus-6
nan,LG-Nexus-5x
nan,Sony-NEX-7
nan,Motorola-Droid-Maxx
nan,Motorola-Droid-Maxx
nan,Motorola-X
nan,Sony-NEX-7
nan,iPhone-4s
nan,LG-Nexus-5x
nan,Sony-NEX-7
nan,iPhone-4s
nan,Motorola-Nexus-6
nan,LG-Nexus-5x
nan,Samsung-Galaxy-Note3
nan,LG-Nexus-5x
nan,Sony-NEX-7
nan,LG-Nexus-5x
nan,Sony-NEX-7
nan,Motorola-Nexus-6
nan,Samsung-Galaxy-S4
nan,iPhone-4s
nan,iPhone-6
nan,LG-Nexus-5x
nan,LG-Nexus-5x
nan,Motorola-Droid-Maxx
nan,Sony-NEX-7
nan,Sony-NEX-7
nan,LG-Nexus-5x
nan,Motorola-Droid-Maxx
nan,Sony-NEX-7
nan,Motorola-Nexus-6
nan,Motorola-Droid-Maxx
nan,Samsung-Galaxy-S4
nan,Motorola-Droid-Maxx
nan,Motorola-X
nan,LG-Nexus-5x
nan,Motorola-X
nan,LG-Nexus-5x
nan,Samsung-Galaxy-S4
nan,LG-Nexus-5x
nan,Samsung-Galaxy-Note3
nan,Samsung-Galaxy-Note3
nan,Motorola-Nexus-6
nan,Sony-NEX-7
nan,Motorola-Droid-Maxx
nan,Motorola-Droid-Maxx
nan,Samsung-Galaxy-Note3
nan,Samsung-Galaxy-Note3
nan,Samsung-Galaxy-Note3
nan,LG-Nexus-5x
nan,iPhone-4s
nan,Motorola-Nexus-6
nan,Motorola-Droid-Maxx
nan,LG-Nexus-5x
nan,LG-Nexus-5x
nan,LG-Nexus-5x
nan,Motorola-X
nan,Samsung-Galaxy-S4
nan,Motorola-X
nan,HTC-1-M7
nan,LG-Nexus-5x
nan,Sony-NEX-7
nan,Motorola-Nexus-6
nan,Motorola-Nexus-6
nan,Samsung-Galaxy-Note3
nan,Motorola-Nexus-6
nan,iPhone-4s
nan,Motorola-Nexus-6
nan,Motorola-X
nan,Samsung-Galaxy-S4
nan,Motorola-X
nan,Sony-NEX-7
nan,Sony-NEX-7
nan,Sony-NEX-7
nan,Motorola-Nexus-6
nan,LG-Nexus-5x
nan,HTC-1-M7
nan,Motorola-Droid-Maxx
nan,LG-Nexus-5x
nan,Motorola-Nexus-6
nan,Samsung-Galaxy-Note3
nan,Motorola-Nexus-6
nan,Sony-NEX-7
nan,HTC-1-M7
nan,LG-Nexus-5x
nan,Sony-NEX-7
nan,Motorola-Nexus-6
nan,Motorola-Droid-Maxx
nan,Motorola-X
nan,Motorola-Droid-Maxx
nan,Samsung-Galaxy-Note3
nan,Motorola-X
nan,Motorola-Nexus-6
nan,Motorola-X
nan,LG-Nexus-5x
nan,Sony-NEX-7
nan,HTC-1-M7
nan,Samsung-Galaxy-Note3
nan,LG-Nexus-5x
nan,LG-Nexus-5x
nan,Sony-NEX-7
nan,LG-Nexus-5x
nan,Sony-NEX-7
nan,Sony-NEX-7
nan,Motorola-Nexus-6
nan,Sony-NEX-7
nan,Samsung-Galaxy-S4
nan,HTC-1-M7
nan,iPhone-4s
nan,Samsung-Galaxy-S4
nan,LG-Nexus-5x
nan,Motorola-Nexus-6
nan,Motorola-Droid-Maxx
nan,Motorola-Nexus-6
nan,Motorola-Nexus-6
nan,Sony-NEX-7
nan,Motorola-Nexus-6
nan,Sony-NEX-7
nan,Samsung-Galaxy-Note3
nan,Motorola-Nexus-6
nan,iPhone-6
nan,Motorola-Nexus-6
nan,Motorola-X
nan,Motorola-Nexus-6
nan,Motorola-Droid-Maxx
nan,LG-Nexus-5x
nan,LG-Nexus-5x
nan,Motorola-X
nan,Motorola-Nexus-6
nan,Sony-NEX-7
nan,Sony-NEX-7
nan,LG-Nexus-5x
nan,Motorola-Nexus-6
nan,LG-Nexus-5x
nan,LG-Nexus-5x
nan,Samsung-Galaxy-S4
nan,Sony-NEX-7
nan,Sony-NEX-7
nan,Samsung-Galaxy-S4
nan,Motorola-Droid-Maxx
nan,Samsung-Galaxy-Note3
nan,Motorola-Droid-Maxx
nan,Samsung-Galaxy-Note3
nan,LG-Nexus-5x
nan,iPhone-4s
nan,Motorola-Droid-Maxx
nan,Motorola-Droid-Maxx
nan,Motorola-Nexus-6
nan,iPhone-4s
nan,Motorola-Nexus-6
nan,Motorola-Droid-Maxx
nan,LG-Nexus-5x
nan,Motorola-Droid-Maxx
nan,Sony-NEX-7
nan,Motorola-Nexus-6
nan,LG-Nexus-5x
nan,Sony-NEX-7
nan,Sony-NEX-7
nan,iPhone-4s
nan,LG-Nexus-5x
nan,iPhone-6
nan,Motorola-Nexus-6
nan,HTC-1-M7
nan,LG-Nexus-5x
nan,LG-Nexus-5x
nan,iPhone-4s
nan,Sony-NEX-7
nan,Motorola-Nexus-6
nan,LG-Nexus-5x
nan,Sony-NEX-7
nan,iPhone-4s
nan,iPhone-4s
nan,Sony-NEX-7
nan,Sony-NEX-7
nan,Motorola-Droid-Maxx
nan,Sony-NEX-7
nan,Sony-NEX-7
nan,Sony-NEX-7
nan,Sony-NEX-7
nan,Sony-NEX-7
nan,Motorola-Nexus-6
nan,Sony-NEX-7
nan,Samsung-Galaxy-Note3
nan,Samsung-Galaxy-S4
nan,Samsung-Galaxy-Note3
nan,iPhone-6
nan,Motorola-X
nan,Motorola-Droid-Maxx
nan,HTC-1-M7
nan,LG-Nexus-5x
nan,Sony-NEX-7
nan,Sony-NEX-7
nan,iPhone-6
nan,Sony-NEX-7
nan,iPhone-6
nan,Motorola-Droid-Maxx
nan,Sony-NEX-7
nan,Samsung-Galaxy-Note3
nan,Samsung-Galaxy-Note3
nan,iPhone-6
nan,Motorola-Nexus-6
nan,Motorola-Nexus-6
nan,LG-Nexus-5x
nan,Motorola-Droid-Maxx
nan,Sony-NEX-7
nan,iPhone-4s
nan,LG-Nexus-5x
nan,Samsung-Galaxy-Note3
nan,HTC-1-M7
nan,Sony-NEX-7
nan,iPhone-6
nan,Sony-NEX-7
nan,Samsung-Galaxy-Note3
nan,HTC-1-M7
nan,Motorola-Droid-Maxx
nan,HTC-1-M7
nan,iPhone-4s
nan,Motorola-Nexus-6
nan,HTC-1-M7
nan,HTC-1-M7
nan,Sony-NEX-7
nan,iPhone-4s
nan,Motorola-X
nan,Motorola-Nexus-6
nan,iPhone-6
nan,LG-Nexus-5x
nan,Motorola-Droid-Maxx
nan,HTC-1-M7
nan,Motorola-Droid-Maxx
nan,Sony-NEX-7
nan,iPhone-6
nan,Samsung-Galaxy-Note3
nan,Motorola-Nexus-6
nan,iPhone-6
nan,Samsung-Galaxy-S4
nan,Motorola-Nexus-6
nan,Samsung-Galaxy-S4
nan,Motorola-X
nan,LG-Nexus-5x
nan,Motorola-Droid-Maxx
nan,Motorola-Nexus-6
nan,Motorola-Droid-Maxx
nan,LG-Nexus-5x
nan,Sony-NEX-7
nan,Samsung-Galaxy-Note3
nan,Motorola-Droid-Maxx
nan,iPhone-6
nan,LG-Nexus-5x
nan,Sony-NEX-7
nan,Samsung-Galaxy-S4
nan,HTC-1-M7
nan,iPhone-4s
nan,LG-Nexus-5x
nan,iPhone-4s
nan,Motorola-Nexus-6
nan,iPhone-4s
nan,Motorola-Droid-Maxx
nan,iPhone-4s
nan,Motorola-Nexus-6
nan,Motorola-X
nan,Motorola-Droid-Maxx
nan,HTC-1-M7
nan,Samsung-Galaxy-Note3
nan,Motorola-Nexus-6
nan,Sony-NEX-7
nan,Motorola-Droid-Maxx
nan,LG-Nexus-5x
nan,iPhone-4s
nan,Sony-NEX-7
nan,Motorola-Nexus-6
nan,Motorola-Nexus-6
nan,LG-Nexus-5x
nan,Motorola-Droid-Maxx
nan,Motorola-Droid-Maxx
nan,Samsung-Galaxy-Note3
nan,Samsung-Galaxy-Note3
nan,Motorola-Droid-Maxx
nan,Motorola-Nexus-6
nan,Motorola-Nexus-6
nan,Sony-NEX-7
nan,Motorola-Droid-Maxx
nan,Motorola-Droid-Maxx
nan,HTC-1-M7
nan,Sony-NEX-7
nan,Sony-NEX-7
nan,Sony-NEX-7
nan,Samsung-Galaxy-Note3
nan,Motorola-Nexus-6
nan,Motorola-Droid-Maxx
nan,Samsung-Galaxy-Note3
nan,Motorola-Droid-Maxx
nan,LG-Nexus-5x
nan,Sony-NEX-7
nan,Samsung-Galaxy-Note3
nan,iPhone-6
nan,Motorola-Droid-Maxx
nan,iPhone-4s
nan,Samsung-Galaxy-S4
nan,Motorola-X
nan,Sony-NEX-7
nan,Motorola-Nexus-6
nan,iPhone-6
nan,Sony-NEX-7
nan,Motorola-Droid-Maxx
nan,Sony-NEX-7
nan,Sony-NEX-7
nan,Motorola-X
nan,Sony-NEX-7
nan,Samsung-Galaxy-S4
nan,HTC-1-M7
nan,Samsung-Galaxy-S4
nan,LG-Nexus-5x
nan,Motorola-Droid-Maxx
nan,Sony-NEX-7
nan,LG-Nexus-5x
nan,Samsung-Galaxy-Note3
nan,Motorola-Droid-Maxx
nan,Motorola-Droid-Maxx
nan,iPhone-4s
nan,Motorola-Nexus-6
nan,Sony-NEX-7
nan,Samsung-Galaxy-S4
nan,Motorola-Nexus-6
nan,HTC-1-M7
nan,Sony-NEX-7
nan,Motorola-Nexus-6
nan,Motorola-Droid-Maxx
nan,LG-Nexus-5x
nan,iPhone-4s
nan,Sony-NEX-7
nan,LG-Nexus-5x
nan,LG-Nexus-5x
nan,Sony-NEX-7
nan,Sony-NEX-7
nan,Sony-NEX-7
nan,LG-Nexus-5x
nan,Samsung-Galaxy-S4
nan,Samsung-Galaxy-Note3
nan,Samsung-Galaxy-Note3
nan,Samsung-Galaxy-Note3
nan,Sony-NEX-7
nan,iPhone-4s
nan,Samsung-Galaxy-Note3
nan,Sony-NEX-7
nan,Motorola-Droid-Maxx
nan,Samsung-Galaxy-Note3
nan,Motorola-Nexus-6
nan,Samsung-Galaxy-Note3
nan,Motorola-Nexus-6
nan,Sony-NEX-7
nan,iPhone-4s
nan,LG-Nexus-5x
nan,HTC-1-M7
nan,Samsung-Galaxy-S4
nan,iPhone-4s
nan,Motorola-Droid-Maxx
nan,Sony-NEX-7
nan,Motorola-Nexus-6
nan,Motorola-X
nan,Motorola-Droid-Maxx
nan,LG-Nexus-5x
nan,Motorola-Nexus-6
nan,iPhone-4s
nan,iPhone-6
nan,HTC-1-M7
nan,Motorola-Nexus-6
nan,HTC-1-M7
nan,LG-Nexus-5x
nan,Motorola-X
nan,Samsung-Galaxy-Note3
nan,Samsung-Galaxy-S4
nan,Samsung-Galaxy-S4
nan,Samsung-Galaxy-S4
nan,iPhone-4s
nan,Motorola-Nexus-6
nan,HTC-1-M7
nan,Sony-NEX-7
nan,Motorola-Nexus-6
nan,Motorola-Nexus-6
nan,Sony-NEX-7
nan,iPhone-4s
nan,HTC-1-M7
nan,iPhone-6
nan,LG-Nexus-5x
nan,iPhone-4s
nan,Motorola-Droid-Maxx
nan,Motorola-Nexus-6
nan,Motorola-X
nan,Sony-NEX-7
nan,Samsung-Galaxy-Note3
nan,Samsung-Galaxy-S4
nan,Sony-NEX-7
nan,Motorola-X
nan,Samsung-Galaxy-S4
nan,Sony-NEX-7
nan,Sony-NEX-7
nan,Samsung-Galaxy-Note3
nan,Sony-NEX-7
nan,Samsung-Galaxy-Note3
nan,Motorola-Nexus-6
nan,Sony-NEX-7
nan,Samsung-Galaxy-Note3
nan,iPhone-6
nan,Motorola-Droid-Maxx
nan,Motorola-Droid-Maxx
nan,Samsung-Galaxy-S4
nan,LG-Nexus-5x
nan,Motorola-X
nan,HTC-1-M7
nan,Motorola-Nexus-6
nan,Samsung-Galaxy-Note3
nan,Sony-NEX-7
nan,iPhone-6
nan,Motorola-Droid-Maxx
nan,LG-Nexus-5x
nan,Motorola-Droid-Maxx
nan,Motorola-X
nan,iPhone-6
nan,Motorola-Nexus-6
nan,Samsung-Galaxy-Note3
nan,Motorola-Nexus-6
nan,Samsung-Galaxy-Note3
nan,LG-Nexus-5x
nan,Motorola-Nexus-6
nan,Samsung-Galaxy-Note3
nan,iPhone-4s
nan,LG-Nexus-5x
nan,LG-Nexus-5x
nan,Motorola-Nexus-6
nan,iPhone-6
nan,Sony-NEX-7
nan,Motorola-Droid-Maxx
nan,Samsung-Galaxy-Note3
nan,iPhone-6
nan,iPhone-4s
nan,Motorola-Nexus-6
nan,LG-Nexus-5x
nan,LG-Nexus-5x
nan,HTC-1-M7
nan,Motorola-Nexus-6
nan,Motorola-Droid-Maxx
nan,Motorola-Droid-Maxx
nan,Samsung-Galaxy-S4
nan,iPhone-6
nan,LG-Nexus-5x
nan,Motorola-Nexus-6
nan,Samsung-Galaxy-Note3
nan,Motorola-Nexus-6
nan,Samsung-Galaxy-S4
nan,LG-Nexus-5x
nan,Motorola-Nexus-6
nan,Motorola-Droid-Maxx
nan,Motorola-X
nan,iPhone-6
nan,Sony-NEX-7
nan,LG-Nexus-5x
nan,Motorola-Droid-Maxx
nan,Samsung-Galaxy-Note3
nan,Samsung-Galaxy-Note3
nan,LG-Nexus-5x
nan,Sony-NEX-7
nan,Samsung-Galaxy-Note3
nan,Motorola-Droid-Maxx
nan,Samsung-Galaxy-Note3
nan,Motorola-Droid-Maxx
nan,Motorola-Droid-Maxx
nan,HTC-1-M7
nan,iPhone-6
nan,Motorola-Nexus-6
nan,Motorola-Nexus-6
nan,Sony-NEX-7
nan,Sony-NEX-7
nan,Motorola-Droid-Maxx
nan,LG-Nexus-5x
nan,Samsung-Galaxy-S4
nan,Motorola-Droid-Maxx
nan,LG-Nexus-5x
nan,Motorola-Droid-Maxx
nan,Motorola-Nexus-6
nan,Motorola-Nexus-6
nan,HTC-1-M7
nan,Motorola-Droid-Maxx
nan,Motorola-Nexus-6
nan,Motorola-Nexus-6
nan,Sony-NEX-7
nan,Motorola-X
nan,iPhone-4s
nan,Samsung-Galaxy-Note3
nan,iPhone-6
nan,Motorola-Nexus-6
nan,Samsung-Galaxy-Note3
nan,Sony-NEX-7
nan,Motorola-Nexus-6
nan,Motorola-Droid-Maxx
nan,Sony-NEX-7
nan,Motorola-Droid-Maxx
nan,iPhone-6
nan,Motorola-Nexus-6
nan,Motorola-X
nan,Samsung-Galaxy-Note3
nan,Motorola-Nexus-6
nan,Motorola-Droid-Maxx
nan,Motorola-Nexus-6
nan,Sony-NEX-7
nan,Sony-NEX-7
nan,LG-Nexus-5x
nan,Motorola-Droid-Maxx
nan,LG-Nexus-5x
nan,Samsung-Galaxy-S4
nan,LG-Nexus-5x
nan,Samsung-Galaxy-Note3
nan,Sony-NEX-7
nan,Motorola-Droid-Maxx
nan,iPhone-6
nan,Motorola-Nexus-6
nan,iPhone-6
nan,Sony-NEX-7
nan,Motorola-Nexus-6
nan,Motorola-X
nan,iPhone-4s
nan,Sony-NEX-7
nan,iPhone-4s
nan,Motorola-Nexus-6
nan,iPhone-4s
nan,LG-Nexus-5x
nan,LG-Nexus-5x
nan,Sony-NEX-7
nan,Sony-NEX-7
nan,LG-Nexus-5x
nan,LG-Nexus-5x
nan,Motorola-Nexus-6
nan,Motorola-Droid-Maxx
nan,Sony-NEX-7
nan,Samsung-Galaxy-Note3
nan,iPhone-4s
nan,Motorola-Droid-Maxx
nan,Motorola-Droid-Maxx
nan,Sony-NEX-7
nan,Motorola-Droid-Maxx
nan,Motorola-Nexus-6
nan,Motorola-Droid-Maxx
nan,Motorola-Nexus-6
nan,Motorola-Nexus-6
nan,Sony-NEX-7
nan,Motorola-Droid-Maxx
nan,Sony-NEX-7
nan,Samsung-Galaxy-Note3
nan,Motorola-Droid-Maxx
nan,Motorola-Droid-Maxx
nan,Motorola-X
nan,Motorola-Droid-Maxx
nan,Samsung-Galaxy-Note3
nan,iPhone-6
nan,HTC-1-M7
nan,Motorola-Droid-Maxx
nan,iPhone-4s
nan,LG-Nexus-5x
nan,Sony-NEX-7
nan,Motorola-Droid-Maxx
nan,LG-Nexus-5x
nan,Samsung-Galaxy-Note3
nan,Motorola-Nexus-6
nan,iPhone-4s
nan,LG-Nexus-5x
nan,LG-Nexus-5x
nan,Samsung-Galaxy-Note3
nan,Samsung-Galaxy-Note3
nan,Sony-NEX-7
nan,Motorola-Nexus-6
nan,Sony-NEX-7
nan,Sony-NEX-7
nan,Motorola-Droid-Maxx
nan,LG-Nexus-5x
nan,Samsung-Galaxy-S4
nan,LG-Nexus-5x
nan,Motorola-Droid-Maxx
nan,Sony-NEX-7
nan,Sony-NEX-7
nan,iPhone-4s
nan,Motorola-Nexus-6
nan,LG-Nexus-5x
nan,Motorola-Droid-Maxx
nan,Sony-NEX-7
nan,Motorola-Droid-Maxx
nan,Sony-NEX-7
nan,Samsung-Galaxy-Note3
nan,Sony-NEX-7
nan,Sony-NEX-7
nan,iPhone-6
nan,Motorola-Droid-Maxx
nan,Sony-NEX-7
nan,Samsung-Galaxy-S4
nan,Motorola-Nexus-6
nan,Sony-NEX-7
nan,Samsung-Galaxy-S4
nan,iPhone-6
nan,Sony-NEX-7
nan,Samsung-Galaxy-S4
nan,Samsung-Galaxy-Note3
nan,Motorola-X
nan,HTC-1-M7
nan,LG-Nexus-5x
nan,Motorola-Nexus-6
nan,HTC-1-M7
nan,iPhone-4s
nan,Sony-NEX-7
nan,Motorola-Nexus-6
nan,Motorola-Nexus-6
nan,HTC-1-M7
nan,Sony-NEX-7
nan,Motorola-Droid-Maxx
nan,HTC-1-M7
nan,Motorola-X
nan,Motorola-Droid-Maxx
nan,HTC-1-M7
nan,Sony-NEX-7
nan,LG-Nexus-5x
nan,Motorola-Nexus-6
nan,Motorola-Droid-Maxx
nan,Sony-NEX-7
nan,Sony-NEX-7
nan,Motorola-Nexus-6
nan,Sony-NEX-7
nan,iPhone-6
nan,Samsung-Galaxy-Note3
nan,Motorola-Nexus-6
nan,Motorola-Nexus-6
nan,Sony-NEX-7
nan,Motorola-Droid-Maxx
nan,iPhone-4s
nan,Samsung-Galaxy-Note3
nan,HTC-1-M7
nan,Motorola-Droid-Maxx
nan,Motorola-Droid-Maxx
nan,Motorola-X
nan,Samsung-Galaxy-S4
nan,Samsung-Galaxy-Note3
nan,LG-Nexus-5x
nan,Samsung-Galaxy-S4
nan,HTC-1-M7
nan,Sony-NEX-7
nan,Motorola-Droid-Maxx
nan,LG-Nexus-5x
nan,LG-Nexus-5x
nan,Sony-NEX-7
nan,Motorola-Droid-Maxx
nan,Motorola-Nexus-6
nan,Sony-NEX-7
nan,HTC-1-M7
nan,Motorola-Nexus-6
nan,Sony-NEX-7
nan,HTC-1-M7
nan,Motorola-Nexus-6
nan,LG-Nexus-5x
nan,Motorola-Nexus-6
nan,Sony-NEX-7
nan,HTC-1-M7
nan,Sony-NEX-7
nan,Sony-NEX-7
nan,Motorola-Droid-Maxx
nan,Motorola-X
nan,Motorola-Droid-Maxx
nan,LG-Nexus-5x
nan,Samsung-Galaxy-S4
nan,iPhone-6
nan,Sony-NEX-7
nan,LG-Nexus-5x
nan,Motorola-Nexus-6
nan,Sony-NEX-7
nan,Motorola-Droid-Maxx
nan,iPhone-4s
nan,Samsung-Galaxy-Note3
nan,HTC-1-M7
nan,Motorola-Droid-Maxx
nan,Motorola-Nexus-6
nan,iPhone-4s
nan,Motorola-X
nan,Samsung-Galaxy-Note3
nan,Motorola-Nexus-6
nan,iPhone-4s
nan,HTC-1-M7
nan,Motorola-Droid-Maxx
nan,Motorola-Droid-Maxx
nan,Sony-NEX-7
nan,LG-Nexus-5x
nan,Sony-NEX-7
nan,Motorola-Nexus-6
nan,LG-Nexus-5x
nan,Motorola-Droid-Maxx
nan,Motorola-Droid-Maxx
nan,LG-Nexus-5x
nan,Motorola-Droid-Maxx
nan,LG-Nexus-5x
nan,Motorola-Nexus-6
nan,Sony-NEX-7
nan,Motorola-Droid-Maxx
nan,Motorola-Droid-Maxx
nan,Samsung-Galaxy-S4
nan,Sony-NEX-7
nan,Sony-NEX-7
nan,Motorola-Nexus-6
nan,iPhone-4s
nan,Sony-NEX-7
nan,iPhone-4s
nan,Motorola-Droid-Maxx
nan,LG-Nexus-5x
nan,Motorola-Nexus-6
nan,LG-Nexus-5x
nan,Sony-NEX-7
nan,Samsung-Galaxy-S4
nan,Samsung-Galaxy-Note3
nan,iPhone-6
nan,Sony-NEX-7
nan,iPhone-4s
nan,LG-Nexus-5x
nan,Samsung-Galaxy-Note3
nan,LG-Nexus-5x
nan,Motorola-Droid-Maxx
nan,iPhone-4s
nan,Motorola-Droid-Maxx
nan,LG-Nexus-5x
nan,Motorola-Nexus-6
nan,Motorola-Nexus-6
nan,Motorola-Nexus-6
nan,Sony-NEX-7
nan,Sony-NEX-7
nan,Motorola-X
nan,Motorola-Nexus-6
nan,LG-Nexus-5x
nan,iPhone-6
nan,iPhone-6
nan,Motorola-Nexus-6
nan,LG-Nexus-5x
nan,Motorola-Droid-Maxx
nan,Motorola-Droid-Maxx
nan,LG-Nexus-5x
nan,Motorola-X
nan,Sony-NEX-7
nan,HTC-1-M7
nan,Motorola-X
nan,Sony-NEX-7
nan,Samsung-Galaxy-Note3
nan,Motorola-Droid-Maxx
nan,iPhone-6
nan,Sony-NEX-7
nan,LG-Nexus-5x
nan,Sony-NEX-7
nan,Motorola-Nexus-6
nan,iPhone-4s
nan,LG-Nexus-5x
nan,Motorola-Droid-Maxx
nan,iPhone-6
nan,LG-Nexus-5x
nan,Motorola-Nexus-6
nan,LG-Nexus-5x
nan,Motorola-Droid-Maxx
nan,Motorola-Droid-Maxx
nan,LG-Nexus-5x
nan,Motorola-Droid-Maxx
nan,Motorola-Droid-Maxx
nan,Motorola-Droid-Maxx
nan,Motorola-Droid-Maxx
nan,Samsung-Galaxy-S4
nan,Motorola-Droid-Maxx
nan,Motorola-Droid-Maxx
nan,Samsung-Galaxy-Note3
nan,Motorola-Nexus-6
nan,Motorola-Droid-Maxx
nan,iPhone-4s
nan,iPhone-4s
nan,Sony-NEX-7
nan,Sony-NEX-7
nan,Motorola-Nexus-6
nan,Motorola-Droid-Maxx
nan,LG-Nexus-5x
nan,HTC-1-M7
nan,Motorola-Nexus-6
nan,Sony-NEX-7
nan,Motorola-X
nan,Motorola-Nexus-6
nan,LG-Nexus-5x
nan,Samsung-Galaxy-Note3
nan,LG-Nexus-5x
nan,LG-Nexus-5x
nan,LG-Nexus-5x
nan,iPhone-4s
nan,Samsung-Galaxy-S4
nan,Samsung-Galaxy-S4
nan,Motorola-Droid-Maxx
nan,iPhone-4s
nan,iPhone-4s
nan,Samsung-Galaxy-S4
nan,Motorola-Nexus-6
nan,iPhone-6
nan,Motorola-Droid-Maxx
nan,Motorola-Droid-Maxx
nan,Motorola-Droid-Maxx
nan,Motorola-Nexus-6
nan,Sony-NEX-7
nan,LG-Nexus-5x
nan,Motorola-Droid-Maxx
nan,Motorola-Nexus-6
nan,Samsung-Galaxy-Note3
nan,Sony-NEX-7
nan,iPhone-6
nan,HTC-1-M7
nan,Samsung-Galaxy-Note3
nan,Motorola-Nexus-6
nan,Motorola-Droid-Maxx
nan,iPhone-6
nan,LG-Nexus-5x
nan,Sony-NEX-7
nan,LG-Nexus-5x
nan,Motorola-X
nan,Samsung-Galaxy-Note3
nan,Sony-NEX-7
nan,Sony-NEX-7
nan,HTC-1-M7
nan,Motorola-Nexus-6
nan,Motorola-Droid-Maxx
nan,Motorola-Droid-Maxx
nan,Sony-NEX-7
nan,Motorola-Droid-Maxx
nan,iPhone-4s
nan,Samsung-Galaxy-S4
nan,Sony-NEX-7
nan,Sony-NEX-7
nan,LG-Nexus-5x
nan,Sony-NEX-7
nan,Samsung-Galaxy-S4
nan,Samsung-Galaxy-Note3
nan,iPhone-4s
nan,Samsung-Galaxy-Note3
nan,Motorola-Droid-Maxx
nan,Motorola-Droid-Maxx
nan,Motorola-Droid-Maxx
nan,iPhone-4s
nan,Motorola-Droid-Maxx
nan,iPhone-4s
nan,Motorola-Nexus-6
nan,Motorola-Nexus-6
nan,Samsung-Galaxy-Note3
nan,Motorola-Droid-Maxx
nan,Sony-NEX-7
nan,LG-Nexus-5x
nan,Sony-NEX-7
nan,Motorola-X
nan,iPhone-4s
nan,iPhone-4s
nan,Motorola-Nexus-6
nan,Motorola-Droid-Maxx
nan,Motorola-Nexus-6
nan,Motorola-Droid-Maxx
nan,Sony-NEX-7
nan,Motorola-Nexus-6
nan,Motorola-Nexus-6
nan,Motorola-Droid-Maxx
nan,Motorola-Droid-Maxx
nan,Sony-NEX-7
nan,Motorola-Droid-Maxx
nan,iPhone-6
nan,Sony-NEX-7
nan,Sony-NEX-7
nan,iPhone-4s
nan,Samsung-Galaxy-S4
nan,Motorola-Nexus-6
nan,Motorola-X
nan,Samsung-Galaxy-Note3
nan,Motorola-Droid-Maxx
nan,iPhone-6
nan,iPhone-4s
nan,Sony-NEX-7
nan,Sony-NEX-7
nan,Motorola-Nexus-6
nan,iPhone-4s
nan,Motorola-Nexus-6
nan,HTC-1-M7
nan,iPhone-4s
nan,LG-Nexus-5x
nan,iPhone-4s
nan,Motorola-Nexus-6
nan,iPhone-4s
nan,Samsung-Galaxy-Note3
nan,Motorola-X
nan,iPhone-4s
nan,Motorola-Nexus-6
nan,Sony-NEX-7
nan,iPhone-6
nan,LG-Nexus-5x
nan,Motorola-Droid-Maxx
nan,Motorola-X
nan,Motorola-Nexus-6
nan,Motorola-Nexus-6
nan,Motorola-Droid-Maxx
nan,LG-Nexus-5x
nan,Motorola-Droid-Maxx
nan,LG-Nexus-5x
nan,Samsung-Galaxy-Note3
nan,Sony-NEX-7
nan,iPhone-4s
nan,Motorola-Nexus-6
nan,Samsung-Galaxy-Note3
nan,Samsung-Galaxy-Note3
nan,Sony-NEX-7
nan,iPhone-4s
nan,LG-Nexus-5x
nan,Sony-NEX-7
nan,Samsung-Galaxy-Note3
nan,Motorola-Droid-Maxx
nan,LG-Nexus-5x
nan,HTC-1-M7
nan,Motorola-Nexus-6
nan,Sony-NEX-7
nan,Motorola-Nexus-6
nan,iPhone-6
nan,Samsung-Galaxy-Note3
nan,LG-Nexus-5x
nan,Sony-NEX-7
nan,Samsung-Galaxy-Note3
nan,Sony-NEX-7
nan,Sony-NEX-7
nan,Sony-NEX-7
nan,iPhone-4s
nan,iPhone-6
nan,Samsung-Galaxy-S4
nan,Motorola-Nexus-6
nan,iPhone-4s
nan,Sony-NEX-7
nan,Samsung-Galaxy-S4
nan,Motorola-Nexus-6
nan,Sony-NEX-7
nan,LG-Nexus-5x
nan,iPhone-4s
nan,Samsung-Galaxy-S4
nan,Motorola-Nexus-6
nan,Sony-NEX-7
nan,Motorola-X
nan,Motorola-Droid-Maxx
nan,LG-Nexus-5x
nan,Motorola-Nexus-6
nan,LG-Nexus-5x
nan,Motorola-X
nan,Samsung-Galaxy-Note3
nan,LG-Nexus-5x
nan,iPhone-6
nan,Samsung-Galaxy-Note3
nan,LG-Nexus-5x
nan,Sony-NEX-7
nan,Motorola-Nexus-6
nan,Sony-NEX-7
nan,HTC-1-M7
nan,LG-Nexus-5x
nan,Motorola-Droid-Maxx
nan,Motorola-Nexus-6
nan,LG-Nexus-5x
nan,Samsung-Galaxy-S4
nan,Samsung-Galaxy-Note3
nan,Motorola-Droid-Maxx
nan,LG-Nexus-5x
nan,Motorola-X
nan,Motorola-Nexus-6
nan,LG-Nexus-5x
nan,Motorola-Droid-Maxx
nan,Motorola-Droid-Maxx
nan,Samsung-Galaxy-Note3
nan,Motorola-Nexus-6
nan,Samsung-Galaxy-S4
nan,Motorola-Nexus-6
nan,Samsung-Galaxy-Note3
nan,Motorola-Droid-Maxx
nan,Motorola-Nexus-6
nan,Motorola-Droid-Maxx
nan,Sony-NEX-7
nan,Motorola-Nexus-6
nan,LG-Nexus-5x
nan,Motorola-Nexus-6
nan,Motorola-Droid-Maxx
nan,iPhone-6
nan,Motorola-Nexus-6
nan,Samsung-Galaxy-S4
nan,iPhone-6
nan,Motorola-Nexus-6
nan,HTC-1-M7
nan,HTC-1-M7
nan,Motorola-Droid-Maxx
nan,Sony-NEX-7
nan,Motorola-Droid-Maxx
nan,iPhone-4s
nan,iPhone-6
nan,Sony-NEX-7
nan,Motorola-X
nan,Motorola-Droid-Maxx
nan,Motorola-Nexus-6
nan,Motorola-Droid-Maxx
nan,Motorola-Droid-Maxx
nan,LG-Nexus-5x
nan,iPhone-4s
nan,Samsung-Galaxy-Note3
nan,Motorola-Nexus-6
nan,HTC-1-M7
nan,Sony-NEX-7
nan,Motorola-Droid-Maxx
nan,Motorola-X
nan,Sony-NEX-7
nan,HTC-1-M7
nan,Samsung-Galaxy-Note3
nan,Motorola-Nexus-6
nan,Motorola-Nexus-6
nan,Motorola-Nexus-6
nan,HTC-1-M7
nan,iPhone-6
nan,Sony-NEX-7
nan,HTC-1-M7
nan,Motorola-Droid-Maxx
nan,Motorola-X
nan,LG-Nexus-5x
nan,Motorola-Nexus-6
nan,iPhone-4s
nan,iPhone-6
nan,Motorola-Droid-Maxx
nan,Samsung-Galaxy-S4
nan,Motorola-X
nan,Sony-NEX-7
nan,Sony-NEX-7
nan,Motorola-Nexus-6
nan,Motorola-Nexus-6
nan,iPhone-6
nan,Motorola-Droid-Maxx
nan,iPhone-4s
nan,HTC-1-M7
nan,Motorola-X
nan,Motorola-Droid-Maxx
nan,Samsung-Galaxy-Note3
nan,Sony-NEX-7
nan,iPhone-4s
nan,Motorola-Droid-Maxx
nan,HTC-1-M7
nan,HTC-1-M7
nan,iPhone-4s
nan,Motorola-Droid-Maxx
nan,Samsung-Galaxy-Note3
nan,Samsung-Galaxy-Note3
nan,Motorola-X
nan,Sony-NEX-7
nan,Motorola-Nexus-6
nan,Motorola-Nexus-6
nan,LG-Nexus-5x
nan,Motorola-Droid-Maxx
nan,Motorola-Nexus-6
nan,LG-Nexus-5x
nan,Motorola-Nexus-6
nan,Motorola-Nexus-6
nan,Sony-NEX-7
nan,Motorola-Droid-Maxx
nan,Samsung-Galaxy-Note3
nan,iPhone-4s
nan,LG-Nexus-5x
nan,Motorola-Droid-Maxx
nan,Motorola-Nexus-6
nan,iPhone-6
nan,Motorola-X
nan,Samsung-Galaxy-S4
nan,HTC-1-M7
nan,Samsung-Galaxy-Note3
nan,Motorola-Droid-Maxx
nan,Samsung-Galaxy-S4
nan,LG-Nexus-5x
nan,Motorola-Nexus-6
nan,Motorola-Droid-Maxx
nan,Motorola-Nexus-6
nan,Samsung-Galaxy-Note3
nan,Motorola-X
nan,Sony-NEX-7
nan,iPhone-4s
nan,HTC-1-M7
nan,Samsung-Galaxy-S4
nan,Motorola-Nexus-6
nan,Samsung-Galaxy-Note3
nan,iPhone-4s
nan,Samsung-Galaxy-Note3
nan,LG-Nexus-5x
nan,iPhone-6
nan,Motorola-Nexus-6
nan,Samsung-Galaxy-Note3
nan,HTC-1-M7
nan,iPhone-6
nan,Motorola-Droid-Maxx
nan,iPhone-4s
nan,Motorola-Nexus-6
nan,Sony-NEX-7
nan,Motorola-Nexus-6
nan,iPhone-4s
nan,Sony-NEX-7
nan,Samsung-Galaxy-Note3
nan,iPhone-6
nan,Motorola-Droid-Maxx
nan,LG-Nexus-5x
nan,Sony-NEX-7
nan,Sony-NEX-7
nan,Samsung-Galaxy-S4
nan,LG-Nexus-5x
nan,Sony-NEX-7
nan,iPhone-6
nan,Motorola-Droid-Maxx
nan,Motorola-X
nan,Motorola-Nexus-6
nan,Sony-NEX-7
nan,iPhone-4s
nan,Motorola-Nexus-6
nan,LG-Nexus-5x
nan,Sony-NEX-7
nan,Motorola-Droid-Maxx
nan,LG-Nexus-5x
nan,Samsung-Galaxy-Note3
nan,Samsung-Galaxy-S4
nan,LG-Nexus-5x
nan,iPhone-6
nan,Sony-NEX-7
nan,Motorola-Nexus-6
nan,Sony-NEX-7
nan,Motorola-Droid-Maxx
nan,Samsung-Galaxy-S4
nan,Motorola-Droid-Maxx
nan,Sony-NEX-7
nan,Motorola-Nexus-6
nan,Sony-NEX-7
nan,Motorola-Nexus-6
nan,Motorola-Droid-Maxx
nan,iPhone-4s
nan,Motorola-X
nan,Motorola-Droid-Maxx
nan,iPhone-4s
nan,Motorola-Nexus-6
nan,Sony-NEX-7
nan,HTC-1-M7
nan,Samsung-Galaxy-S4
nan,Motorola-Nexus-6
nan,LG-Nexus-5x
nan,Motorola-Droid-Maxx
nan,iPhone-4s
nan,Samsung-Galaxy-S4
nan,Motorola-X
nan,Sony-NEX-7
nan,LG-Nexus-5x
nan,Motorola-Nexus-6
nan,Samsung-Galaxy-S4
nan,Samsung-Galaxy-Note3
nan,Samsung-Galaxy-Note3
nan,Motorola-Nexus-6
nan,Motorola-Nexus-6
nan,Motorola-Nexus-6
nan,Sony-NEX-7
nan,HTC-1-M7
nan,Motorola-Nexus-6
nan,iPhone-4s
nan,Motorola-Nexus-6
nan,Motorola-Nexus-6
nan,Sony-NEX-7
nan,Samsung-Galaxy-Note3
nan,Samsung-Galaxy-Note3
nan,Motorola-Droid-Maxx
nan,Samsung-Galaxy-Note3
nan,Samsung-Galaxy-Note3
nan,Motorola-Droid-Maxx
nan,iPhone-4s
nan,Sony-NEX-7
nan,Motorola-Droid-Maxx
nan,Motorola-X
nan,Motorola-X
nan,LG-Nexus-5x
nan,LG-Nexus-5x
nan,Motorola-Nexus-6
nan,Samsung-Galaxy-Note3
nan,Motorola-Nexus-6
nan,Samsung-Galaxy-S4
nan,LG-Nexus-5x
nan,LG-Nexus-5x
nan,Samsung-Galaxy-S4
nan,LG-Nexus-5x
nan,Samsung-Galaxy-Note3
nan,LG-Nexus-5x
nan,iPhone-6
nan,Sony-NEX-7
nan,HTC-1-M7
nan,Motorola-Droid-Maxx
nan,Motorola-Nexus-6
nan,Motorola-Droid-Maxx
nan,Sony-NEX-7
nan,Motorola-X
nan,HTC-1-M7
nan,LG-Nexus-5x
nan,Motorola-X
nan,Motorola-Nexus-6
nan,Sony-NEX-7
nan,iPhone-6
nan,Sony-NEX-7
nan,LG-Nexus-5x
nan,Motorola-X
nan,Motorola-Nexus-6
nan,Samsung-Galaxy-Note3
nan,Samsung-Galaxy-Note3
nan,Motorola-Nexus-6
nan,Motorola-Droid-Maxx
nan,Motorola-Droid-Maxx
nan,Sony-NEX-7
nan,LG-Nexus-5x
nan,Motorola-X
nan,iPhone-6
nan,Sony-NEX-7
nan,Samsung-Galaxy-Note3
nan,Motorola-Nexus-6
nan,Samsung-Galaxy-Note3
nan,iPhone-6
nan,iPhone-6
nan,Samsung-Galaxy-S4
nan,Sony-NEX-7
nan,Samsung-Galaxy-Note3
nan,Motorola-Nexus-6
nan,Motorola-Droid-Maxx
nan,Sony-NEX-7
nan,Sony-NEX-7
nan,Samsung-Galaxy-Note3
nan,LG-Nexus-5x
nan,HTC-1-M7
nan,Motorola-Droid-Maxx
nan,Motorola-Droid-Maxx
nan,Samsung-Galaxy-S4
nan,iPhone-4s
nan,Motorola-Droid-Maxx
nan,HTC-1-M7
nan,iPhone-4s
nan,iPhone-6
nan,iPhone-6
nan,Sony-NEX-7
nan,Motorola-X
nan,Motorola-Nexus-6
nan,Motorola-Nexus-6
nan,Motorola-Nexus-6
nan,iPhone-6
nan,LG-Nexus-5x
nan,iPhone-6
nan,Motorola-X
nan,LG-Nexus-5x
nan,Motorola-Nexus-6
nan,Motorola-Droid-Maxx
nan,Motorola-Nexus-6
nan,LG-Nexus-5x
nan,Sony-NEX-7
nan,Motorola-Nexus-6
nan,Sony-NEX-7
nan,Sony-NEX-7
nan,LG-Nexus-5x
nan,Samsung-Galaxy-S4
nan,Motorola-Droid-Maxx
nan,Sony-NEX-7
nan,Motorola-Nexus-6
nan,iPhone-6
nan,Samsung-Galaxy-S4
nan,Samsung-Galaxy-Note3
nan,Motorola-Nexus-6
nan,HTC-1-M7
nan,Motorola-X
nan,Motorola-Droid-Maxx
nan,LG-Nexus-5x
nan,Motorola-Nexus-6
nan,HTC-1-M7
nan,Motorola-Nexus-6
nan,Motorola-Nexus-6
nan,Motorola-Nexus-6
nan,Motorola-Nexus-6
nan,Samsung-Galaxy-Note3
nan,Samsung-Galaxy-S4
nan,HTC-1-M7
nan,Motorola-Nexus-6
nan,iPhone-6
nan,Sony-NEX-7
nan,Sony-NEX-7
nan,iPhone-4s
nan,Samsung-Galaxy-S4
nan,Motorola-Nexus-6
nan,iPhone-6
nan,Sony-NEX-7
nan,LG-Nexus-5x
nan,Motorola-Nexus-6
nan,Motorola-Droid-Maxx
nan,Sony-NEX-7
nan,Samsung-Galaxy-Note3
nan,Sony-NEX-7
nan,iPhone-6
nan,LG-Nexus-5x
nan,HTC-1-M7
nan,LG-Nexus-5x
nan,Samsung-Galaxy-Note3
nan,Samsung-Galaxy-Note3
nan,Sony-NEX-7
nan,Sony-NEX-7
nan,LG-Nexus-5x
nan,Samsung-Galaxy-S4
nan,Motorola-Nexus-6
nan,Motorola-Droid-Maxx
nan,Motorola-Nexus-6
nan,Sony-NEX-7
nan,Motorola-Nexus-6
nan,Sony-NEX-7
nan,Motorola-Nexus-6
nan,Motorola-Droid-Maxx
nan,Samsung-Galaxy-Note3
nan,LG-Nexus-5x
nan,Motorola-Nexus-6
nan,Motorola-Droid-Maxx
nan,Motorola-Droid-Maxx
nan,Sony-NEX-7
nan,Motorola-Droid-Maxx
nan,Motorola-Droid-Maxx
nan,Motorola-Nexus-6
nan,Motorola-Droid-Maxx
nan,iPhone-4s
nan,Motorola-Droid-Maxx
nan,Motorola-Nexus-6
nan,Motorola-Nexus-6
nan,Motorola-Droid-Maxx
nan,Motorola-Nexus-6
nan,Motorola-Nexus-6
nan,Sony-NEX-7
nan,LG-Nexus-5x
nan,Sony-NEX-7
nan,iPhone-6
nan,Motorola-X
nan,Motorola-Nexus-6
nan,LG-Nexus-5x
nan,Sony-NEX-7
nan,Samsung-Galaxy-S4
nan,Samsung-Galaxy-Note3
nan,LG-Nexus-5x
nan,LG-Nexus-5x
nan,Motorola-Droid-Maxx
nan,LG-Nexus-5x
nan,Samsung-Galaxy-Note3
nan,Sony-NEX-7
nan,HTC-1-M7
nan,Sony-NEX-7
nan,Motorola-Droid-Maxx
nan,Motorola-Droid-Maxx
nan,Motorola-Nexus-6
nan,LG-Nexus-5x
nan,LG-Nexus-5x
nan,LG-Nexus-5x
nan,Sony-NEX-7
nan,Sony-NEX-7
nan,Motorola-Nexus-6
nan,Samsung-Galaxy-S4
nan,Motorola-Droid-Maxx
nan,Motorola-Droid-Maxx
nan,Motorola-Nexus-6
nan,Sony-NEX-7
nan,Samsung-Galaxy-S4
nan,Motorola-Nexus-6
nan,Motorola-X
nan,Motorola-Nexus-6
nan,HTC-1-M7
nan,Sony-NEX-7
nan,Samsung-Galaxy-Note3
nan,iPhone-6
nan,Sony-NEX-7
nan,LG-Nexus-5x
nan,Motorola-X
nan,Samsung-Galaxy-Note3
nan,Sony-NEX-7
nan,Samsung-Galaxy-Note3
nan,Sony-NEX-7
nan,Sony-NEX-7
nan,Motorola-Droid-Maxx
nan,iPhone-4s
nan,HTC-1-M7
nan,LG-Nexus-5x
nan,Samsung-Galaxy-Note3
nan,iPhone-4s
nan,Samsung-Galaxy-S4
nan,Motorola-Droid-Maxx
nan,Sony-NEX-7
nan,Sony-NEX-7
nan,HTC-1-M7
nan,Motorola-Droid-Maxx
nan,Motorola-X
nan,Sony-NEX-7
nan,Motorola-Nexus-6
nan,Samsung-Galaxy-Note3
nan,LG-Nexus-5x
nan,Sony-NEX-7
nan,LG-Nexus-5x
nan,Motorola-Droid-Maxx
nan,Samsung-Galaxy-Note3
nan,iPhone-4s
nan,LG-Nexus-5x
nan,Sony-NEX-7
nan,Sony-NEX-7
nan,Motorola-Nexus-6
nan,Motorola-Nexus-6
nan,Sony-NEX-7
nan,Sony-NEX-7
nan,Samsung-Galaxy-Note3
nan,Sony-NEX-7
nan,Sony-NEX-7
nan,Motorola-Nexus-6
nan,Motorola-Nexus-6
nan,Motorola-Nexus-6
nan,Motorola-Droid-Maxx
nan,Samsung-Galaxy-S4
nan,LG-Nexus-5x
nan,Sony-NEX-7
nan,Samsung-Galaxy-S4
nan,iPhone-4s
nan,Motorola-X
nan,LG-Nexus-5x
nan,Motorola-Droid-Maxx
nan,Motorola-Nexus-6
nan,Motorola-Droid-Maxx
nan,iPhone-4s
nan,LG-Nexus-5x
nan,Sony-NEX-7
nan,Motorola-Nexus-6
nan,Sony-NEX-7
nan,Motorola-Droid-Maxx
nan,Sony-NEX-7
nan,LG-Nexus-5x
nan,Motorola-Droid-Maxx
nan,LG-Nexus-5x
nan,Samsung-Galaxy-S4
nan,Motorola-X
nan,Motorola-Droid-Maxx
nan,LG-Nexus-5x
nan,Motorola-Nexus-6
nan,Samsung-Galaxy-S4
nan,Motorola-Nexus-6
nan,Sony-NEX-7
nan,Sony-NEX-7
nan,LG-Nexus-5x
nan,Motorola-Nexus-6
nan,Motorola-Droid-Maxx
nan,Motorola-X
nan,Sony-NEX-7
nan,Sony-NEX-7
nan,Sony-NEX-7
nan,iPhone-4s
nan,Motorola-Nexus-6
nan,HTC-1-M7
nan,Samsung-Galaxy-Note3
nan,Sony-NEX-7
nan,Samsung-Galaxy-Note3
nan,iPhone-6
nan,Sony-NEX-7
nan,Sony-NEX-7
nan,Samsung-Galaxy-S4
nan,Samsung-Galaxy-S4
nan,Samsung-Galaxy-Note3
nan,Samsung-Galaxy-Note3
nan,Sony-NEX-7
nan,iPhone-4s
nan,Motorola-Droid-Maxx
nan,Samsung-Galaxy-Note3
nan,iPhone-6
nan,Sony-NEX-7
nan,Sony-NEX-7
nan,Sony-NEX-7
nan,iPhone-6
nan,Sony-NEX-7
nan,Motorola-Nexus-6
nan,Samsung-Galaxy-Note3
nan,Sony-NEX-7
nan,Sony-NEX-7
nan,Motorola-X
nan,iPhone-6
nan,HTC-1-M7
nan,HTC-1-M7
nan,Motorola-Nexus-6
nan,Motorola-Nexus-6
nan,Motorola-Nexus-6
nan,Samsung-Galaxy-S4
nan,LG-Nexus-5x
nan,Motorola-Nexus-6
nan,iPhone-4s
nan,LG-Nexus-5x
nan,iPhone-4s
nan,Motorola-X
nan,Motorola-Droid-Maxx
nan,Sony-NEX-7
nan,Motorola-Droid-Maxx
nan,Samsung-Galaxy-Note3
nan,Sony-NEX-7
nan,Sony-NEX-7
nan,Motorola-X
nan,iPhone-4s
nan,Motorola-Droid-Maxx
nan,LG-Nexus-5x
nan,LG-Nexus-5x
nan,Samsung-Galaxy-Note3
nan,Samsung-Galaxy-Note3
nan,Motorola-X
nan,iPhone-6
nan,Motorola-Nexus-6
nan,Samsung-Galaxy-Note3
nan,LG-Nexus-5x
nan,Samsung-Galaxy-Note3
nan,LG-Nexus-5x
nan,HTC-1-M7
nan,Sony-NEX-7
nan,Motorola-Nexus-6
nan,Motorola-Droid-Maxx
nan,Motorola-X
nan,Sony-NEX-7
nan,Motorola-Nexus-6
nan,LG-Nexus-5x
nan,Sony-NEX-7
nan,Motorola-Nexus-6
nan,HTC-1-M7
nan,Motorola-Droid-Maxx
nan,Motorola-Droid-Maxx
nan,iPhone-4s
nan,Sony-NEX-7
nan,Samsung-Galaxy-Note3
nan,Samsung-Galaxy-S4
nan,Motorola-Nexus-6
nan,Sony-NEX-7
nan,iPhone-4s
nan,LG-Nexus-5x
nan,Samsung-Galaxy-Note3
nan,Samsung-Galaxy-S4
nan,Motorola-Droid-Maxx
nan,LG-Nexus-5x
nan,iPhone-6
nan,Sony-NEX-7
nan,Motorola-Droid-Maxx
nan,Motorola-Nexus-6
nan,Motorola-Droid-Maxx
nan,Sony-NEX-7
nan,Sony-NEX-7
nan,iPhone-4s
nan,Samsung-Galaxy-Note3
nan,iPhone-4s
nan,LG-Nexus-5x
nan,Motorola-X
nan,Samsung-Galaxy-S4
nan,iPhone-4s
nan,Sony-NEX-7
nan,Sony-NEX-7
nan,LG-Nexus-5x
nan,Samsung-Galaxy-Note3
nan,Sony-NEX-7
nan,HTC-1-M7
nan,Sony-NEX-7
nan,Motorola-Nexus-6
nan,Motorola-Nexus-6
nan,Motorola-Droid-Maxx
nan,Samsung-Galaxy-Note3
nan,Motorola-Nexus-6
nan,LG-Nexus-5x
nan,Motorola-Nexus-6
nan,LG-Nexus-5x
nan,Motorola-Nexus-6
nan,Sony-NEX-7
nan,Motorola-Droid-Maxx
nan,Motorola-Nexus-6
nan,Sony-NEX-7
nan,Samsung-Galaxy-Note3
nan,LG-Nexus-5x
nan,Motorola-Droid-Maxx
nan,Sony-NEX-7
nan,Motorola-Nexus-6
nan,Sony-NEX-7
nan,Motorola-Nexus-6
nan,Motorola-Nexus-6
nan,iPhone-6
nan,Motorola-Droid-Maxx
nan,Sony-NEX-7
nan,Sony-NEX-7
nan,Sony-NEX-7
nan,Samsung-Galaxy-Note3
nan,Motorola-Nexus-6
nan,Sony-NEX-7
nan,LG-Nexus-5x
nan,Sony-NEX-7
nan,Motorola-Nexus-6
nan,Sony-NEX-7
nan,Samsung-Galaxy-S4
nan,Sony-NEX-7
nan,HTC-1-M7
nan,Motorola-Nexus-6
nan,HTC-1-M7
nan,iPhone-4s
nan,Motorola-Nexus-6
nan,Motorola-X
nan,Samsung-Galaxy-Note3
nan,iPhone-6
nan,Motorola-Nexus-6
nan,Motorola-X
nan,Motorola-Nexus-6
nan,HTC-1-M7
nan,iPhone-4s
nan,LG-Nexus-5x
nan,Samsung-Galaxy-S4
nan,Samsung-Galaxy-Note3
nan,Samsung-Galaxy-Note3
nan,Motorola-X
nan,Sony-NEX-7
nan,Sony-NEX-7
nan,Sony-NEX-7
nan,Samsung-Galaxy-Note3
nan,LG-Nexus-5x
nan,HTC-1-M7
nan,Motorola-Nexus-6
nan,Motorola-Droid-Maxx
nan,Samsung-Galaxy-S4
nan,Motorola-Droid-Maxx
nan,Samsung-Galaxy-Note3
nan,Samsung-Galaxy-S4
nan,Sony-NEX-7
nan,Motorola-Nexus-6
nan,Motorola-Nexus-6
nan,Samsung-Galaxy-S4
nan,LG-Nexus-5x
nan,Motorola-X
nan,Samsung-Galaxy-S4
nan,Samsung-Galaxy-S4
nan,Motorola-Nexus-6
nan,Motorola-Nexus-6
nan,Sony-NEX-7
nan,Motorola-Droid-Maxx
nan,Motorola-Droid-Maxx
nan,Motorola-X
nan,LG-Nexus-5x
nan,Motorola-Droid-Maxx
nan,LG-Nexus-5x
nan,Motorola-Nexus-6
nan,Motorola-Nexus-6
nan,Samsung-Galaxy-Note3
nan,Motorola-Nexus-6
nan,Motorola-Droid-Maxx
nan,Samsung-Galaxy-Note3
nan,Sony-NEX-7
nan,Motorola-Droid-Maxx
nan,Motorola-Droid-Maxx
nan,Motorola-Droid-Maxx
nan,Sony-NEX-7
nan,HTC-1-M7
nan,iPhone-4s
nan,Motorola-Nexus-6
nan,iPhone-6
nan,Motorola-Nexus-6
nan,Motorola-Droid-Maxx
nan,Samsung-Galaxy-Note3
nan,HTC-1-M7
nan,Motorola-Droid-Maxx
nan,Motorola-Droid-Maxx
nan,Samsung-Galaxy-Note3
nan,Motorola-X
nan,Sony-NEX-7
nan,HTC-1-M7
nan,Samsung-Galaxy-Note3
nan,Samsung-Galaxy-S4
nan,HTC-1-M7
nan,Motorola-Nexus-6
nan,Motorola-Droid-Maxx
nan,Motorola-X
nan,Samsung-Galaxy-S4
nan,iPhone-4s
nan,Motorola-Droid-Maxx
nan,LG-Nexus-5x
nan,Motorola-Nexus-6
nan,Sony-NEX-7
nan,Sony-NEX-7
nan,Motorola-Droid-Maxx
nan,LG-Nexus-5x
nan,LG-Nexus-5x
nan,LG-Nexus-5x
nan,Sony-NEX-7
nan,Motorola-Droid-Maxx
nan,Motorola-Droid-Maxx
nan,Motorola-X
nan,Motorola-Droid-Maxx
nan,Motorola-X
nan,Motorola-Droid-Maxx
nan,Samsung-Galaxy-S4
nan,HTC-1-M7
nan,Sony-NEX-7
nan,HTC-1-M7
nan,iPhone-4s
nan,Sony-NEX-7
nan,HTC-1-M7
nan,Samsung-Galaxy-S4
nan,Motorola-Nexus-6
nan,LG-Nexus-5x
nan,Sony-NEX-7
nan,Sony-NEX-7
nan,Motorola-Nexus-6
nan,LG-Nexus-5x
nan,Sony-NEX-7
nan,Samsung-Galaxy-Note3
nan,iPhone-6
nan,LG-Nexus-5x
nan,Motorola-X
nan,Motorola-Droid-Maxx
nan,iPhone-4s
nan,Sony-NEX-7
nan,Sony-NEX-7
nan,Motorola-Droid-Maxx
nan,iPhone-4s
nan,LG-Nexus-5x
nan,LG-Nexus-5x
nan,Motorola-Nexus-6
nan,Samsung-Galaxy-Note3
nan,Sony-NEX-7
nan,Sony-NEX-7
nan,Motorola-Nexus-6
nan,LG-Nexus-5x
nan,iPhone-6
nan,Motorola-Nexus-6
nan,Samsung-Galaxy-Note3
nan,Motorola-Nexus-6
nan,HTC-1-M7
nan,LG-Nexus-5x
nan,Motorola-Nexus-6
nan,Motorola-Droid-Maxx
nan,Motorola-Nexus-6
nan,Samsung-Galaxy-Note3
nan,LG-Nexus-5x
nan,Motorola-Nexus-6
nan,Motorola-X
nan,Motorola-Droid-Maxx
nan,HTC-1-M7
nan,LG-Nexus-5x
nan,Motorola-Nexus-6
nan,LG-Nexus-5x
nan,iPhone-6
nan,Sony-NEX-7
nan,Samsung-Galaxy-Note3
nan,LG-Nexus-5x
nan,Sony-NEX-7
nan,Samsung-Galaxy-Note3
nan,Sony-NEX-7
nan,HTC-1-M7
nan,Motorola-Nexus-6
nan,LG-Nexus-5x
nan,Motorola-Droid-Maxx
nan,LG-Nexus-5x
nan,LG-Nexus-5x
nan,Sony-NEX-7
nan,LG-Nexus-5x
nan,LG-Nexus-5x
nan,LG-Nexus-5x
nan,iPhone-4s
nan,Sony-NEX-7
nan,LG-Nexus-5x
nan,iPhone-6
nan,Sony-NEX-7
nan,iPhone-6
nan,Sony-NEX-7
nan,Motorola-Droid-Maxx
nan,LG-Nexus-5x
nan,LG-Nexus-5x
nan,LG-Nexus-5x
nan,Sony-NEX-7
nan,LG-Nexus-5x
nan,Motorola-Nexus-6
nan,LG-Nexus-5x
nan,Samsung-Galaxy-Note3
nan,HTC-1-M7
nan,Motorola-Nexus-6
nan,Motorola-Nexus-6
nan,Sony-NEX-7
nan,LG-Nexus-5x
nan,Sony-NEX-7
nan,Motorola-Droid-Maxx
nan,Samsung-Galaxy-Note3
nan,Samsung-Galaxy-Note3
nan,Samsung-Galaxy-Note3
nan,Samsung-Galaxy-S4
nan,iPhone-4s
nan,Motorola-Nexus-6
nan,Motorola-X
nan,HTC-1-M7
nan,iPhone-4s
nan,Motorola-Nexus-6
nan,Sony-NEX-7
nan,Sony-NEX-7
nan,Sony-NEX-7
nan,LG-Nexus-5x
nan,iPhone-4s
nan,HTC-1-M7
nan,iPhone-6
nan,Motorola-Nexus-6
nan,Samsung-Galaxy-S4
nan,Samsung-Galaxy-Note3
nan,Motorola-Droid-Maxx
nan,Samsung-Galaxy-S4
nan,Motorola-X
nan,Sony-NEX-7
nan,iPhone-6
nan,Motorola-Nexus-6
nan,iPhone-4s
nan,Sony-NEX-7
nan,Motorola-Nexus-6
nan,Motorola-Droid-Maxx
nan,Motorola-Nexus-6
nan,Samsung-Galaxy-S4
nan,Sony-NEX-7
nan,Sony-NEX-7
nan,Motorola-Droid-Maxx
nan,Motorola-Droid-Maxx
nan,Sony-NEX-7
nan,Samsung-Galaxy-S4
nan,Motorola-Nexus-6
nan,Sony-NEX-7
nan,LG-Nexus-5x
nan,Motorola-Droid-Maxx
nan,Motorola-Droid-Maxx
nan,Motorola-Nexus-6
nan,iPhone-4s
nan,Sony-NEX-7
nan,Sony-NEX-7
nan,iPhone-6
nan,HTC-1-M7
nan,Motorola-Droid-Maxx
nan,Motorola-Nexus-6
nan,Motorola-Droid-Maxx
nan,HTC-1-M7
nan,Sony-NEX-7
nan,Motorola-X
nan,Samsung-Galaxy-Note3
nan,Motorola-Nexus-6
nan,Samsung-Galaxy-S4
nan,Motorola-Nexus-6
nan,Motorola-Droid-Maxx
nan,iPhone-4s
nan,Motorola-X
nan,Sony-NEX-7
nan,HTC-1-M7
nan,Sony-NEX-7
nan,LG-Nexus-5x
nan,Samsung-Galaxy-S4
nan,Sony-NEX-7
nan,HTC-1-M7
nan,LG-Nexus-5x
nan,Motorola-Droid-Maxx
nan,Motorola-X
nan,Sony-NEX-7
nan,LG-Nexus-5x
nan,Motorola-Nexus-6
nan,iPhone-4s
nan,Motorola-X
nan,Motorola-Nexus-6
nan,Sony-NEX-7
nan,Motorola-X
nan,Motorola-Nexus-6
nan,LG-Nexus-5x
nan,Samsung-Galaxy-Note3
nan,Motorola-Nexus-6
nan,iPhone-4s
nan,Motorola-X
nan,Samsung-Galaxy-S4
nan,Samsung-Galaxy-Note3
nan,iPhone-6
nan,Motorola-Nexus-6
nan,iPhone-4s
nan,iPhone-6
nan,Motorola-Droid-Maxx
nan,Samsung-Galaxy-S4
nan,Sony-NEX-7
nan,Motorola-Nexus-6
nan,Samsung-Galaxy-Note3
nan,Sony-NEX-7
nan,HTC-1-M7
nan,Samsung-Galaxy-Note3
nan,Samsung-Galaxy-Note3
nan,iPhone-4s
nan,Motorola-Droid-Maxx
nan,Motorola-Droid-Maxx
nan,Samsung-Galaxy-S4
nan,HTC-1-M7
nan,Motorola-Nexus-6
nan,Motorola-Droid-Maxx
nan,Sony-NEX-7
nan,LG-Nexus-5x
nan,Motorola-Nexus-6
nan,LG-Nexus-5x
nan,LG-Nexus-5x
nan,Samsung-Galaxy-Note3
nan,iPhone-6
nan,Motorola-Nexus-6
nan,HTC-1-M7
nan,Motorola-X
nan,Sony-NEX-7
nan,Motorola-Nexus-6
nan,Motorola-Nexus-6
nan,Sony-NEX-7
nan,Sony-NEX-7
nan,iPhone-6
nan,Motorola-Nexus-6
nan,LG-Nexus-5x
nan,iPhone-6
nan,Sony-NEX-7
nan,Motorola-Nexus-6
nan,Motorola-Nexus-6
nan,iPhone-6
nan,Samsung-Galaxy-S4
nan,Motorola-Droid-Maxx
nan,Sony-NEX-7
nan,Motorola-Nexus-6
nan,HTC-1-M7
nan,Motorola-Droid-Maxx
nan,Motorola-Nexus-6
nan,Motorola-X
nan,iPhone-4s
nan,iPhone-6
nan,Motorola-Droid-Maxx
nan,Motorola-Droid-Maxx
nan,LG-Nexus-5x
nan,LG-Nexus-5x
nan,Motorola-Nexus-6
nan,LG-Nexus-5x
nan,Motorola-X
nan,LG-Nexus-5x
nan,Motorola-Droid-Maxx
nan,HTC-1-M7
nan,LG-Nexus-5x
nan,iPhone-4s
nan,Samsung-Galaxy-Note3
nan,Motorola-Nexus-6
nan,Motorola-Droid-Maxx
nan,LG-Nexus-5x
nan,Sony-NEX-7
nan,Sony-NEX-7
nan,Motorola-Nexus-6
nan,Sony-NEX-7
nan,Motorola-Droid-Maxx
nan,Motorola-Droid-Maxx
nan,Samsung-Galaxy-S4
nan,LG-Nexus-5x
nan,Motorola-Nexus-6
nan,HTC-1-M7
nan,LG-Nexus-5x
nan,Motorola-Droid-Maxx
nan,Sony-NEX-7
nan,iPhone-4s
nan,Motorola-Nexus-6
nan,LG-Nexus-5x
nan,Sony-NEX-7
nan,Sony-NEX-7
nan,Sony-NEX-7
nan,Sony-NEX-7
nan,HTC-1-M7
nan,LG-Nexus-5x
nan,Samsung-Galaxy-S4
nan,Motorola-Droid-Maxx
nan,Motorola-X
nan,Samsung-Galaxy-S4
nan,Motorola-X
nan,Motorola-Nexus-6
nan,iPhone-4s
nan,HTC-1-M7
nan,LG-Nexus-5x
nan,Motorola-Nexus-6
nan,Samsung-Galaxy-S4
nan,Sony-NEX-7
nan,Motorola-Nexus-6
nan,Sony-NEX-7
nan,Motorola-Nexus-6
nan,Sony-NEX-7
nan,Samsung-Galaxy-Note3
nan,iPhone-6
nan,HTC-1-M7
nan,Sony-NEX-7
nan,Motorola-Nexus-6
nan,Sony-NEX-7
nan,Sony-NEX-7
nan,Motorola-Droid-Maxx
nan,Sony-NEX-7
nan,LG-Nexus-5x
nan,LG-Nexus-5x
nan,LG-Nexus-5x
nan,Motorola-Nexus-6
nan,Motorola-Nexus-6
nan,Motorola-Nexus-6
nan,Samsung-Galaxy-Note3
nan,Motorola-Nexus-6
nan,Samsung-Galaxy-Note3
nan,HTC-1-M7
nan,HTC-1-M7
nan,Sony-NEX-7
nan,Motorola-X
nan,Motorola-Droid-Maxx
nan,Motorola-Droid-Maxx
nan,HTC-1-M7
nan,HTC-1-M7
nan,Sony-NEX-7
nan,HTC-1-M7
nan,Sony-NEX-7
nan,LG-Nexus-5x
nan,Sony-NEX-7
nan,Samsung-Galaxy-Note3
nan,Motorola-Droid-Maxx
nan,Motorola-X
nan,Samsung-Galaxy-S4
nan,Samsung-Galaxy-S4
nan,Sony-NEX-7
nan,Motorola-Droid-Maxx
nan,Sony-NEX-7
nan,Sony-NEX-7
nan,Motorola-Droid-Maxx
nan,Motorola-Droid-Maxx
nan,Sony-NEX-7
nan,Motorola-X
nan,Motorola-Nexus-6
nan,HTC-1-M7
nan,Samsung-Galaxy-S4
nan,Motorola-Droid-Maxx
nan,Motorola-Droid-Maxx
nan,Samsung-Galaxy-Note3
nan,iPhone-6
nan,Motorola-Nexus-6
nan,LG-Nexus-5x
nan,Sony-NEX-7
nan,iPhone-4s
nan,HTC-1-M7
nan,Motorola-Nexus-6
nan,HTC-1-M7
nan,iPhone-6
nan,LG-Nexus-5x
nan,Samsung-Galaxy-Note3
nan,Samsung-Galaxy-Note3
nan,Motorola-Nexus-6
nan,Motorola-Droid-Maxx
nan,HTC-1-M7
nan,Sony-NEX-7
nan,LG-Nexus-5x
nan,iPhone-4s
nan,Motorola-Nexus-6
nan,LG-Nexus-5x
nan,Motorola-Nexus-6
nan,Motorola-Nexus-6
nan,Samsung-Galaxy-S4
nan,Motorola-X
nan,Samsung-Galaxy-S4
nan,HTC-1-M7
nan,Motorola-Droid-Maxx
nan,Motorola-Nexus-6
nan,HTC-1-M7
nan,Sony-NEX-7
nan,iPhone-6
nan,Sony-NEX-7
nan,iPhone-4s
nan,iPhone-4s
nan,Sony-NEX-7
nan,Sony-NEX-7
nan,Samsung-Galaxy-Note3
nan,Sony-NEX-7
nan,LG-Nexus-5x
nan,LG-Nexus-5x
nan,Motorola-Nexus-6
nan,Motorola-Nexus-6
nan,Motorola-Nexus-6
nan,Motorola-Droid-Maxx
nan,HTC-1-M7
nan,Motorola-Droid-Maxx
nan,Samsung-Galaxy-Note3
nan,Sony-NEX-7
nan,Samsung-Galaxy-S4
nan,LG-Nexus-5x
nan,iPhone-4s
nan,HTC-1-M7
nan,iPhone-4s
nan,iPhone-4s
nan,Motorola-Nexus-6
nan,Motorola-Nexus-6
nan,Motorola-X
nan,Motorola-Droid-Maxx
nan,iPhone-6
nan,Motorola-Nexus-6
nan,iPhone-6
nan,LG-Nexus-5x
nan,Sony-NEX-7
nan,HTC-1-M7
nan,iPhone-4s
nan,HTC-1-M7
nan,Sony-NEX-7
nan,Motorola-Droid-Maxx
nan,LG-Nexus-5x
nan,Motorola-Nexus-6
nan,Samsung-Galaxy-S4
nan,iPhone-4s
nan,HTC-1-M7
nan,Motorola-Droid-Maxx
nan,Sony-NEX-7
nan,Sony-NEX-7
nan,Sony-NEX-7
nan,LG-Nexus-5x
nan,LG-Nexus-5x
nan,Samsung-Galaxy-S4
nan,iPhone-4s
nan,iPhone-6
nan,Sony-NEX-7
nan,HTC-1-M7
nan,Motorola-Droid-Maxx
nan,HTC-1-M7
nan,Samsung-Galaxy-Note3
nan,Sony-NEX-7
nan,Motorola-Nexus-6
nan,Motorola-Droid-Maxx
nan,iPhone-6
nan,Samsung-Galaxy-Note3
nan,Samsung-Galaxy-S4
nan,iPhone-6
nan,Samsung-Galaxy-Note3
nan,iPhone-4s
nan,LG-Nexus-5x
nan,Motorola-Droid-Maxx
nan,HTC-1-M7
nan,Motorola-Nexus-6
nan,iPhone-4s
nan,Motorola-Nexus-6
nan,iPhone-4s
nan,Sony-NEX-7
nan,Motorola-Droid-Maxx
nan,Motorola-Nexus-6
nan,Motorola-X
nan,Sony-NEX-7
nan,Samsung-Galaxy-Note3
nan,Samsung-Galaxy-S4
nan,iPhone-4s
nan,LG-Nexus-5x
nan,LG-Nexus-5x
nan,Motorola-X
nan,Sony-NEX-7
nan,LG-Nexus-5x
nan,Motorola-Nexus-6
nan,Motorola-Droid-Maxx
nan,LG-Nexus-5x
nan,HTC-1-M7
nan,Motorola-X
nan,Motorola-Droid-Maxx
nan,Motorola-Nexus-6
nan,HTC-1-M7
nan,Sony-NEX-7
nan,iPhone-4s
nan,Samsung-Galaxy-Note3
nan,Motorola-Nexus-6
nan,Sony-NEX-7
nan,Motorola-Nexus-6
nan,LG-Nexus-5x
nan,Sony-NEX-7
nan,Motorola-Nexus-6
nan,Motorola-X
nan,iPhone-6
nan,Motorola-Nexus-6
nan,iPhone-6
nan,Samsung-Galaxy-S4
nan,Motorola-Droid-Maxx
nan,Samsung-Galaxy-Note3
nan,Sony-NEX-7
nan,Sony-NEX-7
nan,Motorola-X
nan,Sony-NEX-7
nan,Samsung-Galaxy-S4
nan,LG-Nexus-5x
nan,Motorola-Droid-Maxx
nan,Samsung-Galaxy-Note3
nan,Sony-NEX-7
nan,Sony-NEX-7
nan,Motorola-Nexus-6
nan,Motorola-Nexus-6
nan,Motorola-Droid-Maxx
nan,Samsung-Galaxy-Note3
nan,Sony-NEX-7
nan,Motorola-Nexus-6
nan,iPhone-6
nan,Motorola-Nexus-6
nan,Motorola-Nexus-6
nan,Sony-NEX-7
nan,Motorola-X
nan,Samsung-Galaxy-S4
nan,LG-Nexus-5x
nan,Motorola-Droid-Maxx
nan,HTC-1-M7
nan,Sony-NEX-7
nan,Motorola-Droid-Maxx
nan,Motorola-Nexus-6
nan,iPhone-4s
nan,Motorola-Nexus-6
nan,Sony-NEX-7
nan,Samsung-Galaxy-S4
nan,Sony-NEX-7
nan,LG-Nexus-5x
nan,Motorola-X
nan,Sony-NEX-7
nan,Motorola-Droid-Maxx
nan,Motorola-Nexus-6
nan,Sony-NEX-7
nan,Samsung-Galaxy-Note3
nan,Motorola-Nexus-6
nan,iPhone-6
nan,Motorola-X
nan,Motorola-Droid-Maxx
nan,HTC-1-M7
nan,iPhone-4s
nan,Motorola-Nexus-6
nan,Motorola-Nexus-6
nan,Samsung-Galaxy-Note3
nan,Motorola-Nexus-6
nan,Motorola-X
nan,Motorola-Droid-Maxx
nan,Motorola-Droid-Maxx
nan,Sony-NEX-7
nan,LG-Nexus-5x
nan,Sony-NEX-7
nan,iPhone-4s
nan,Sony-NEX-7
nan,Motorola-Droid-Maxx
nan,Motorola-Nexus-6
nan,iPhone-6
nan,LG-Nexus-5x
nan,LG-Nexus-5x
nan,LG-Nexus-5x
nan,Sony-NEX-7
nan,Motorola-Nexus-6
nan,Samsung-Galaxy-Note3
nan,iPhone-4s
nan,HTC-1-M7
nan,Samsung-Galaxy-S4
nan,LG-Nexus-5x
nan,Motorola-Droid-Maxx
nan,Samsung-Galaxy-S4
nan,Sony-NEX-7
nan,Motorola-Droid-Maxx
nan,iPhone-6
nan,iPhone-4s
nan,Motorola-Droid-Maxx
nan,Sony-NEX-7
nan,HTC-1-M7
nan,LG-Nexus-5x
nan,Motorola-X
nan,iPhone-4s
nan,Samsung-Galaxy-S4
nan,HTC-1-M7
nan,HTC-1-M7
nan,iPhone-4s
nan,Sony-NEX-7
nan,Motorola-Droid-Maxx
nan,Motorola-Droid-Maxx
nan,Samsung-Galaxy-S4
nan,LG-Nexus-5x
nan,Sony-NEX-7
nan,Samsung-Galaxy-Note3
nan,LG-Nexus-5x
nan,Sony-NEX-7
nan,Sony-NEX-7
nan,Motorola-Droid-Maxx
nan,Motorola-Nexus-6
nan,Motorola-Droid-Maxx
nan,Sony-NEX-7
nan,Samsung-Galaxy-S4
nan,Motorola-Nexus-6
nan,LG-Nexus-5x
nan,Sony-NEX-7
nan,iPhone-4s
nan,Sony-NEX-7
nan,HTC-1-M7
nan,LG-Nexus-5x
nan,Sony-NEX-7
nan,Motorola-X
nan,Motorola-X
nan,Motorola-Droid-Maxx
nan,Motorola-Nexus-6
nan,Motorola-Droid-Maxx
nan,Motorola-Nexus-6
nan,Sony-NEX-7
nan,Motorola-Droid-Maxx
nan,Motorola-Nexus-6
nan,Motorola-Nexus-6
nan,Sony-NEX-7
nan,LG-Nexus-5x
nan,iPhone-4s
nan,Sony-NEX-7
nan,Motorola-Nexus-6
nan,Motorola-X
nan,HTC-1-M7
nan,Motorola-X
nan,iPhone-4s
nan,Motorola-Nexus-6
nan,Motorola-Nexus-6
nan,Motorola-X
nan,iPhone-4s
nan,Sony-NEX-7
nan,Sony-NEX-7
nan,Sony-NEX-7
nan,Motorola-Droid-Maxx
nan,Motorola-Nexus-6
nan,Motorola-Droid-Maxx
nan,Sony-NEX-7
nan,Motorola-Droid-Maxx
nan,Sony-NEX-7
nan,Motorola-Nexus-6
nan,Motorola-Nexus-6
nan,Sony-NEX-7
nan,LG-Nexus-5x
nan,HTC-1-M7
nan,Sony-NEX-7
nan,Sony-NEX-7
nan,Samsung-Galaxy-Note3
nan,Sony-NEX-7
nan,Sony-NEX-7
nan,iPhone-6
nan,Motorola-X
nan,LG-Nexus-5x
nan,LG-Nexus-5x
nan,Motorola-Droid-Maxx
nan,Samsung-Galaxy-Note3
nan,Motorola-Nexus-6
nan,LG-Nexus-5x
nan,Motorola-X
nan,Motorola-Nexus-6
nan,Motorola-Nexus-6
nan,Motorola-Droid-Maxx
nan,iPhone-4s
nan,Sony-NEX-7
nan,Samsung-Galaxy-Note3
nan,LG-Nexus-5x
nan,iPhone-6
nan,Sony-NEX-7
nan,LG-Nexus-5x
nan,Sony-NEX-7
nan,Motorola-Nexus-6
nan,Sony-NEX-7
nan,Sony-NEX-7
nan,Sony-NEX-7
nan,LG-Nexus-5x
nan,iPhone-6
nan,Sony-NEX-7
nan,Samsung-Galaxy-Note3
nan,Samsung-Galaxy-S4
nan,LG-Nexus-5x
nan,Samsung-Galaxy-S4
nan,iPhone-6
nan,Motorola-Nexus-6
nan,Motorola-Nexus-6
nan,HTC-1-M7
nan,Motorola-Droid-Maxx
nan,Motorola-Droid-Maxx
nan,Sony-NEX-7
nan,Sony-NEX-7
nan,Sony-NEX-7
nan,Motorola-Nexus-6
nan,LG-Nexus-5x
nan,LG-Nexus-5x
nan,Sony-NEX-7
nan,Sony-NEX-7
nan,iPhone-4s
nan,HTC-1-M7
nan,LG-Nexus-5x
nan,Sony-NEX-7
nan,Samsung-Galaxy-S4
nan,LG-Nexus-5x
nan,Samsung-Galaxy-Note3
nan,Motorola-Nexus-6
nan,Motorola-Nexus-6
nan,HTC-1-M7
nan,Motorola-Nexus-6
nan,LG-Nexus-5x
nan,Motorola-Droid-Maxx
nan,Samsung-Galaxy-Note3
nan,HTC-1-M7
nan,Sony-NEX-7
nan,HTC-1-M7
nan,Motorola-Nexus-6
nan,LG-Nexus-5x
nan,HTC-1-M7
nan,Motorola-Nexus-6
nan,HTC-1-M7
nan,Samsung-Galaxy-S4
nan,Sony-NEX-7
nan,Motorola-Droid-Maxx
nan,Motorola-Droid-Maxx
nan,LG-Nexus-5x
nan,Sony-NEX-7
nan,Samsung-Galaxy-S4
nan,Motorola-X
nan,LG-Nexus-5x
nan,Motorola-Droid-Maxx
nan,iPhone-4s
nan,Samsung-Galaxy-Note3
nan,LG-Nexus-5x
nan,HTC-1-M7
nan,iPhone-4s
nan,iPhone-4s
nan,Motorola-Droid-Maxx
nan,Samsung-Galaxy-S4
nan,Motorola-Nexus-6
nan,Motorola-Nexus-6
nan,Motorola-Droid-Maxx
nan,HTC-1-M7
nan,Motorola-Nexus-6
nan,Motorola-X
nan,Samsung-Galaxy-S4
nan,Motorola-Droid-Maxx
nan,Motorola-X
nan,Sony-NEX-7
nan,Samsung-Galaxy-Note3
nan,Motorola-Nexus-6
nan,Motorola-Nexus-6
nan,Motorola-Droid-Maxx
nan,iPhone-4s
nan,Sony-NEX-7
nan,Samsung-Galaxy-Note3
nan,Motorola-Droid-Maxx
nan,Motorola-Droid-Maxx
nan,iPhone-4s
nan,Samsung-Galaxy-S4
nan,Samsung-Galaxy-S4
nan,LG-Nexus-5x
nan,LG-Nexus-5x
nan,Samsung-Galaxy-S4
nan,HTC-1-M7
nan,iPhone-4s
nan,iPhone-4s
nan,Samsung-Galaxy-Note3
nan,Motorola-Nexus-6
nan,Motorola-Nexus-6
nan,Sony-NEX-7
nan,Samsung-Galaxy-Note3
nan,HTC-1-M7
nan,Sony-NEX-7
nan,LG-Nexus-5x
nan,Motorola-Nexus-6
nan,Sony-NEX-7
nan,Samsung-Galaxy-Note3
nan,HTC-1-M7
nan,Motorola-Nexus-6
nan,Sony-NEX-7
nan,LG-Nexus-5x
nan,Sony-NEX-7
nan,Sony-NEX-7
nan,Sony-NEX-7
nan,Samsung-Galaxy-S4
nan,Sony-NEX-7
nan,iPhone-4s
nan,Sony-NEX-7
nan,Motorola-Nexus-6
nan,Motorola-X
nan,Samsung-Galaxy-S4
nan,Motorola-Droid-Maxx
nan,iPhone-4s
nan,LG-Nexus-5x
nan,Motorola-Droid-Maxx
nan,Samsung-Galaxy-Note3
nan,Sony-NEX-7
nan,iPhone-6
nan,LG-Nexus-5x
nan,Motorola-Nexus-6
nan,Motorola-X
nan,iPhone-4s
nan,Sony-NEX-7
nan,iPhone-4s
nan,Motorola-Droid-Maxx
nan,Motorola-Droid-Maxx
nan,Sony-NEX-7
nan,Sony-NEX-7
nan,Samsung-Galaxy-S4
nan,LG-Nexus-5x
nan,Motorola-Droid-Maxx
nan,iPhone-4s
nan,Motorola-Droid-Maxx
nan,Sony-NEX-7
nan,Motorola-Droid-Maxx
nan,LG-Nexus-5x
nan,iPhone-4s
nan,Sony-NEX-7
nan,LG-Nexus-5x
nan,iPhone-4s
nan,Motorola-X
nan,iPhone-4s
nan,Sony-NEX-7
nan,Sony-NEX-7
nan,Samsung-Galaxy-S4
nan,iPhone-4s
nan,iPhone-4s
nan,Motorola-Nexus-6
nan,iPhone-4s
nan,Motorola-Droid-Maxx
nan,Samsung-Galaxy-Note3
nan,HTC-1-M7
nan,Motorola-Droid-Maxx
nan,Motorola-Nexus-6
nan,Motorola-Droid-Maxx
nan,Motorola-Droid-Maxx
nan,Motorola-Droid-Maxx
nan,Sony-NEX-7
nan,Samsung-Galaxy-S4
nan,Motorola-Droid-Maxx
nan,Sony-NEX-7
nan,iPhone-6
nan,iPhone-4s
nan,Motorola-Nexus-6
nan,Samsung-Galaxy-S4
nan,HTC-1-M7
nan,Samsung-Galaxy-Note3
nan,Motorola-Nexus-6
nan,LG-Nexus-5x
nan,Sony-NEX-7
nan,iPhone-6
nan,Samsung-Galaxy-Note3
nan,Sony-NEX-7
nan,Motorola-X
nan,Motorola-Nexus-6
nan,Sony-NEX-7
nan,Sony-NEX-7
nan,Sony-NEX-7
nan,iPhone-4s
nan,Motorola-Nexus-6
nan,LG-Nexus-5x
nan,Motorola-X
nan,LG-Nexus-5x
nan,LG-Nexus-5x
